id,network_transaction_id,region
02cf1f08-b87c-49fb-bb33-c6fe2724517c,304099223804017,hk
46162b44-3e4b-4a7b-9881-cc3cb14aba28,304099109759360,hk
80a79f8a-d631-4209-b2e1-4c8aedf3f85a,304099194020268,hk
aebadf07-1d4a-44a1-9b13-07887ade5224,304099176599097,hk
f0baf950-2736-4f67-907b-ff1a6889d1b7,304099211195627,hk
8f726d21-198f-49c7-8eb3-66e216fc84f9,304099121916646,hk
c0471d7e-7f91-4396-ade4-8072ed682520,304099091508949,hk
fc15ddb0-2168-4ae1-b61e-24f8640be947,304099085410982,hk
0374c252-ba6e-484b-ad92-82f76a8b2c37,304099240762199,hk
c75ba45e-edcd-40ef-a480-fd32cb7d7be8,304099079324295,hk
e6345725-fd7f-4f11-a651-bdab942028b7,304099115836987,hk
01c8287b-d147-42b0-aa0b-b1cfbefe73a9,304099146229420,hk
a3f7e07e-dc27-4f86-a69e-589372f7112e,304099183783538,hk
22845642-3ab9-42e7-8df7-55e656d98e24,304099097599426,hk
8db86f5f-2fc8-47a8-ad8a-6d5a04ce848b,304099259733342,hk
fececfd7-2657-4ad2-8640-3180acb3c505,304099103670345,hk
20d1133f-2af0-48f9-b87f-a6e628e0772e,304099152292369,hk
77556d28-af67-4264-8bcd-6169ffd666bc,304099202949753,hk
467c4467-d3b6-4469-95e3-7a3e3a0a323c,304080196244178,hk
f64ea873-540f-4285-911c-d3edc773d8cf,464080030509483,hk
7f835e78-4342-4a3b-90e6-561fdc5baa7e,304079839469219,hk
e5d86993-04a1-412c-9a88-9d43ec35202d,304080180740593,hk
171705d0-4864-4aa7-94cf-487796605b4f,384080268242571,hk
b7bec414-df25-4fdb-8c51-310d77fdacf3,584080125654407,hk
80b1225b-450d-4f23-8613-732f72dcaaf3,384080488142511,hk
becc029d-7d31-43f7-b927-70b5da7f1881,464080157887946,hk
6a7945ac-de48-4adf-babf-11b7b2342990,384080269836216,hk
00a823c2-010f-4db9-a3d7-648c23d7ecd5,584080487743979,hk
859482a8-d246-4630-bc94-b164aa8c642c,584080192915208,hk
1a9546c3-57ed-4e50-a43d-1455f829d15c,464080539893422,hk
3a4bec51-551a-4b63-af83-fc2d87e90b3f,384080174643659,hk
bd91c0be-00dc-42b2-b7e0-e55d4a459525,384080054795127,hk
53315109-b38b-4ba2-82af-3c146047c5ba,384080146941900,hk
103fb3c1-109f-4fe2-98ab-88a59489aa72,464080533896619,hk
f9625661-44e9-473f-8687-4361e0487fe8,384080085440462,hk
f4a1150c-d897-4325-ab83-fc9928766894,584080459346987,hk
a9f550b4-3029-4583-ae99-25e5b337f7ab,304080465913568,hk
063e19e4-1df7-4665-b861-f42ceae359d6,304080133216323,hk
5beb9b2d-6428-43c2-93b7-ac7cac9c47c6,464080493070485,hk
d02f1aad-5695-4576-ba78-1301efc8b0b2,464080061006573,hk
915374ce-becb-4179-ac97-beae31463729,304080018973051,hk
f2136ef9-e1ea-4e6a-af4a-9d29c5156cd8,304080186823888,hk
431f7a74-9f32-4714-ba50-3af7f5246d5c,584080158073293,hk
314a64ba-3a1d-4327-917d-a3564fc9e920,304080269681092,hk
e4d75721-90ea-44dd-a832-b62e3c68e97b,584080523634431,hk
6cf8df38-9696-42b8-bab7-8f62af5781e8,464080548138081,hk
45e01023-e3e1-4f53-9932-d3fce41c5b2d,584080085518764,hk
a50af569-b305-4504-a3ae-a136f58f4f6f,304079786267965,hk
4374ba3a-6459-4a9b-8a1b-dca6556abe7c,304080053782516,hk
cee255df-009e-44fc-a2dd-76b804b83eb2,584080060882154,hk
112a794b-0dab-4e9b-abe3-30b1b7926a25,304080037241631,hk
9512aa76-2496-466c-8e7c-1681d94318a1,304080205095168,hk
ab7decae-ce97-4208-9a44-a054c1444c90,464080181965875,hk
875d214e-e140-40e3-aa91-ce55a64b6868,464080029444400,hk
a9694b26-7803-471a-93fc-9e8b702040c8,304080134767478,hk
5e90c8fd-086e-4228-9d8b-be1b65fc99b0,384080548598669,hk
b6f91e22-df2d-4d4f-a1af-d663e9f34ca1,464080151509933,hk
9f213c0a-a19f-447f-abea-051aa28a8fec,584080092063382,hk
7bc56958-26c2-4417-a266-f149b03b6b57,384080006138913,hk
a61732bb-2f37-4b14-8861-2ace77aba8c6,384080530603085,hk
d4de5046-22f1-4e26-a3be-d735c3fcbcd7,464079833371881,hk
36900e0b-a0d9-40de-ade9-e009d415458f,464080073243198,hk
b8cee847-7d54-483b-9c3f-51e0d75cc8ba,584080114957335,hk
7621877e-8dab-4fa4-bc1d-05d338c809e5,304080108677071,hk
dd1dcb83-cadf-4e73-815b-30cfe32c2c8a,584080102772531,hk
525d0e9f-030e-4bc8-8192-37a22f2f056b,464080509207926,hk
3f2e3e25-6ff7-4a3d-900f-1f20db728193,304080553638873,hk
10c1752b-725e-4d53-916e-ece6b6c1e483,464079809032566,hk
dc501f07-36d5-4ab8-8917-8ee42c9d87f1,304080128472081,hk
0c17fe30-6d01-4b97-8550-60d8b186d075,384079804512338,hk
dd058416-ebe8-4463-8277-ef5b454b0a25,304080490935186,hk
c29e7434-a6c6-4f33-968d-ec85cee4497a,384080512843262,hk
9060573b-2d75-4134-912f-26d261f658bd,584080029364622,hk
61e5e748-6824-45af-b38f-774ddfb006b5,304080529639516,hk
d9bc3c8b-dd90-4407-90a8-b1b5ebc2b06a,584080018316035,hk
a3d19cc7-2605-4adf-a0b1-72a25f83026a,464080269811889,hk
e85e261e-5402-48e5-83da-2f2fb1a38574,384080004777550,hk
1dc0fd13-7b0b-4954-8f64-06dee1af7785,384080530632001,hk
b3be33eb-195f-42e1-a198-f77251c4c22a,304079821206337,hk
d65e0a7f-ccbd-476a-8b48-1e15109ead82,464079802947888,hk
c9fc8315-5a9b-4349-9ee0-b5cc944981ed,584080092149860,hk
5c9311e9-9b01-4333-bbfa-dfc97c31b531,464080554137250,hk
2898fcb6-fd70-4569-b412-8320929d3745,384080188050943,hk
aed8ee37-9e6f-4acd-bc3f-7c511c1c48b6,584079862690840,hk
d9b0c253-052a-461f-887c-40640acf1418,464079815139702,hk
c079d487-ec98-4ba8-9261-114479bd9d1c,304080031164566,hk
f3533615-bd44-4310-81c0-3ba3e0d7e8f2,464080035515147,hk
b579a47e-f061-4975-b5cb-042d803bddba,464080156374825,hk
978ea7a3-360f-4862-b994-429d7315673c,304080023271717,hk
e7480120-6ad2-40a2-b5ab-8e8f0700dc71,464080024419891,hk
24d4ed8c-6279-4796-a702-081db853cbb3,584080127134867,hk
b164045e-bd6e-443a-9fe2-37e8598e1aee,464080487630439,hk
ff090b50-f597-436d-943c-65ffaf20006a,304080275027707,hk
f48e8fe7-764c-477f-b529-398bd3feb862,384079856605415,hk
c5b6a991-fe24-4a53-95c6-77df9f35e986,464080168558755,hk
1eea9add-abc8-4a55-aa54-dbc7b655c7c7,584080150010232,hk
563c0fda-a286-47d3-84f4-e32e646639ad,464080572855803,hk
f0e91ae4-a7e7-4d04-b4fa-a4dc4fcc5ea8,464080565639837,hk
00b0eb9b-0057-475a-b8ba-4b7c3ca85125,464080551884157,hk
c23b2969-98eb-46c9-a6a2-4d0e264a2377,304080506843905,hk
070bc5a7-2eb8-4950-a104-00ad9e185a65,464080571638808,hk
05d0f288-8d6b-48b1-b95d-7985a28ea930,384080179760209,hk
54dcbda5-1d3c-4753-9d55-0b800c8d86a3,384080056639418,hk
9d1d49bb-9a64-426d-8d8c-b033866bff01,304080160521000,hk
4e00dea2-fa60-4523-8d4e-1dcd1962d914,584080470844963,hk
12a49fec-3a83-45cd-8507-f9588397fe59,304079850523408,hk
bed15d79-2993-455f-9d08-23be0cc8a933,384080064395707,hk
52ad0c8b-5d8b-4b28-977b-83fe74dab1a3,584080025073275,hk
3c901e1a-b064-437c-a40e-bf48ed9cf52b,464080160373796,hk
db4f4f25-52e1-4fa8-a961-c89b70922202,464079774110768,hk
e66e36de-5d4b-4d60-91ee-f6469b2895ac,384080044222067,hk
f12b4639-b91c-4840-b880-0cbbc4a92388,464080274861578,hk
80f35a96-555d-4f73-8972-8301570ab31e,464080017203584,hk
eb2c0797-4be5-42d4-93d1-00a72f9cddff,304079839541531,hk
1f3043af-fa74-4121-b518-3fc1a1bb7d79,384079810618201,hk
a133042f-2903-49f7-904e-35bd9ed5e473,464080524136565,hk
c8f04af1-8a68-4e51-a23c-f594d37857cc,584080143925762,hk
691e68cf-ad56-4e2a-a944-68f0679780e0,464080114769307,hk
aacedab1-38c4-4ec9-a72f-55792a97bbd1,584079845713338,hk
b57fbaee-9c5a-4442-b8ab-3f8dd6808499,464080059872481,hk
8a1ab90f-2277-4b0a-9c64-28e755ced16b,304080113482885,hk
739afa65-1f67-4a5d-900d-e474d67b62b3,464080535637435,hk
94ee8182-8df9-4070-92ec-78968df4db13,384080414766637,hk
9ba6b752-63b9-40f2-b727-23063aa49d5f,304080500836773,hk
033d3d9f-f501-4c63-8de3-5213e6f8fa27,584080047693825,hk
e9b63d47-10f9-446a-8aad-86d3a12c7f0a,384080091587282,hk
aeb4bbf5-1ee6-4030-908b-469c363d1db5,464080017123068,hk
c545e819-7eed-4189-b023-e5b220dc5384,304080048677907,hk
cbc6882e-d438-48a3-8481-153cf49ef5a2,384080194149991,hk
47ef6d74-2ea3-4566-ae13-5ddf47dca691,384080084326612,hk
7996edc4-bc16-47b9-81b4-6ab02d106dc8,304080458855806,hk
07475ae5-cd6b-43da-9cfe-6c56f2398be5,584080559630677,hk
5d475930-7c92-41bb-88cf-488f32f801cc,584080036586550,hk
8a2cdcad-a113-4ace-8006-ca0ed7e79813,464080492406465,hk
8475cbe4-24d6-4860-8194-06fa1d06dac3,464080566595002,hk
c5f3aee9-f87e-43a1-b640-e99fca19259f,584080518592864,hk
584fdcad-c601-410b-8333-233dc979e6df,384080067178059,hk
32a86a49-ad68-4255-b90c-e7fae8c5ce44,304079798428320,hk
e2a6a424-26a2-408b-9072-c030b9cd5eda,584080211198992,hk
77a0f032-c1b6-425a-8ce7-262ad728a745,304080499641259,hk
6492c112-7ee6-4f5b-aa0e-657360c4bb84,384080085973680,hk
409726d0-42bb-4949-af2b-917e5c9bdbbb,464079838334754,hk
7fb814d9-720d-41fb-9b77-c16d2440eae0,384080269814142,hk
045df693-40cb-47e0-9d86-76b21fa28d25,384080097674009,hk
337c87e6-c7bf-4fc4-b0a6-7a092506f083,384080140848221,hk
2f80f8a2-ae5d-47b8-a597-ff38f2dd9322,304080121042223,hk
bcc0d2f8-3617-4012-afa2-9fe6bc0076ff,384080554590653,hk
5b5226b8-89fc-443e-84fc-5a38f6c41afc,464080067079063,hk
908bf743-cb14-4f4f-b582-a1e2fb63d7ce,584080536848322,hk
9cb1fa03-2b48-49f3-878b-4d9498ed6ae3,384080137849192,hk
b5c15a81-a60f-499b-b7b8-23cee6698015,304080157595823,hk
32151501-62fd-4dd7-89b5-f4b5b0760dbf,584079845627965,hk
e0b7b12b-6a98-4286-872e-945d866b15c7,384080453922127,hk
d2d9a48d-1d61-4228-ad96-c27aab75423d,584080214213516,hk
9e6c4eb0-cd03-40b5-9ab5-1caec985194e,304080569894282,hk
32e991fa-7586-4951-9159-5ae7787344ec,584080096495885,hk
2f770299-a19e-45b6-95ed-ff7a21e151fe,464080169794147,hk
7c77f84c-00cc-495c-a2ff-935c6ce7b61b,464080500144270,hk
4bae9f33-bd44-4c44-9a5f-1ffc65f636ff,304080278461312,hk
86695d8a-58e7-43c8-b6cc-bc15c6251fc0,584080530842290,hk
c6711161-2e12-4051-be9a-c661402b5a99,464080452788471,hk
5b1672e9-027c-4048-8bbf-fb41c018b920,584080102586454,hk
330e9451-7a1f-4735-8774-9103825dfe10,384080575892299,hk
b798e6a0-9e0e-4378-bb36-daed984c2865,584080145405029,hk
443711ec-7111-49cc-b9bb-951ca7fb0277,384079767943902,hk
f323d873-849f-436b-ae6d-2a2d8c7e2719,584080119573551,hk
e791d879-55cb-4edb-85df-e9edc3acd005,384057340405681,hk
9e96eefb-db18-497e-8f94-62101275f964,384054561623901,hk
d0bc5a62-e62f-449e-ab4a-0584839621bc,384054560012155,hk
8b298e01-c12d-4268-9094-32223f968d0a,584085856552608,hk
2c913f15-c703-4d6b-a0b8-4f0a0fd18ae7,483304733030463,hk
ea5350ea-130d-438e-9a50-a352b7cdc84f,383272701193551,hk
70d58bcc-42e8-40ca-9093-668883e9a61e,463341037085691,hk
4c525e35-f620-4c56-b00e-2f433393763b,584007756227182,hk
e4178bdd-797f-421d-9296-77631df64e78,583272682713480,hk
8ff5d334-483c-4b99-a069-4a32befdf28f,483132471203617,hk
ba5f960e-3185-4dd0-9011-c13e7214c2b0,583331077978162,hk
2350f5d1-ec77-4904-9134-63f7c26662ca,483325629559774,hk
90ace2dd-42d2-4753-b069-94843d4b4fbf,483130323237495,hk
159d9efb-cb2d-4ec6-a2e3-7653dfd573ae,384080487064033,hk
0d10df1e-1a48-4e01-9e07-5d3eaf548b3a,304080465964797,hk
9bfb9697-1571-461a-a47d-5b908e632d0d,304080459002556,hk
1bfba64d-aa5d-433a-8d0a-01cffe6c964f,384080459775201,hk
5ce3851a-4662-4eb0-9c40-d2ef6184631b,384080458273817,hk
95787312-6502-49be-b5ce-ea8a25976b99,304080458619587,hk
a41331cd-9dae-4acc-a2b8-9398804116a0,584080450955674,hk
be03815f-5238-451c-b3ed-0f5f75c82abf,384080464509106,hk
1a1923d4-723b-4d43-8fd3-0370762d71b7,464079822533663,hk
9e9dcf4d-8f7c-4678-b67c-32475aea8a27,304079797637906,hk
b0a1654a-8a86-4796-81b4-43f1b2c82bb6,464080471700396,hk
0094b11a-c144-4d92-8d8a-8a2627f6fc3a,304080481590950,hk
d02d7960-ee1d-44ed-b5ad-61a91a49095b,584080464567443,hk
87f65583-86a4-47a2-b11f-0ab1a6b66ed8,584080458343945,hk
6ee4c4c3-ba1c-462d-bacf-7aeb2b3c6a29,584080480910481,hk
63d99e24-dd17-4a61-9822-9b5e942827f3,304080415462489,hk
6b290523-8a2d-4745-add0-68e001a01f66,304080494756148,hk
c501461f-9270-4eb4-9057-8da571ea01db,584079774103857,hk
10ada290-624c-47e5-aafc-a22ea2c91897,384080464956657,hk
0f946bdc-b4f9-454c-9ff2-5ac6751e0d8b,304079790870895,hk
d9f0e92c-d7da-4900-841a-1f8c202841b1,584080464807216,hk
79dc5a4d-e28a-4463-8652-226e0701fbce,384080494825768,hk
7e5630d0-5be1-4e38-a8bf-26cf823aaf90,384080463329499,hk
358744ec-f4f8-40b4-a93b-6995145cacaf,584080458662543,hk
4624b246-3418-4bcb-a429-2f72d6ccb4fa,384080452791566,hk
9880af6a-f379-463a-b0cd-18ba881874f8,304080458884892,hk
9b04038f-97db-416d-a43c-1eb591a21c60,384080464917026,hk
5b71408c-bc5a-4904-a729-52268c4ac649,304080458373393,hk
f3bbac3b-98ca-40b3-bf46-bfed6f344674,464080452469009,hk
1a061fa1-dc0c-4feb-be19-e69c8f75d3f6,464080463380447,hk
de4af6ec-23a4-408c-a503-07dd8d8039e0,584080486980095,hk
cfe348bd-a5c6-4584-b212-2e9c61ead1d6,464079838206611,hk
2f73804e-6874-431a-acfe-bd5c39355990,584080463234224,hk
7c5bb09b-c09e-4053-aa62-728ccba0c6e2,584080230002757,hk
4fa970a3-885c-4617-9e06-557c1fd669b5,584080223352052,hk
b1605042-0ada-4b12-a8e2-6005960d0578,384079838271388,hk
9251301c-aa0c-4534-b5b2-451f9027953c,584079768032078,hk
7c2229c4-d4aa-4901-8506-7664c1f9f6d9,304080457039635,hk
f3232d9a-ca69-4939-80ac-61520f469564,304080223927525,hk
d6f3c031-1a5c-4bc1-bee3-70bd65b84996,304080464546541,hk
9a4851f6-d481-4561-ba4a-3b1ca279b2b6,384080463449774,hk
18499489-e6ae-4c79-b0c8-4e38c998d3fe,584080488688070,hk
93305ba9-5ff2-4247-bd03-b76223c9e65a,304080457092986,hk
08940ec4-717c-4297-a0dc-aef5d90bd680,584080458434619,hk
a56f9b5c-ed84-460f-a3e7-609f4cc88dbf,384080459719512,hk
29d4c3b2-1a0f-4665-9d20-012b7089381e,384080457155995,hk
dfb93bd6-e03f-4832-a86e-ba4016eeaabf,304080458949408,hk
c3ab21a5-a970-4fda-8614-934b6a07f1f8,384080452193934,hk
5c67d01b-4398-48af-9c50-0a5ecb5a4ca0,584080465015900,hk
af734c44-84c9-47b9-ba94-b5870ce2f6cb,584080230064550,hk
9d4a56fa-5413-4a35-869a-0a0d762c5f0f,464080453621295,hk
0f7c7633-7586-4df8-aea4-815043ab2957,304080452199746,hk
99fceb26-1929-4deb-8de7-75c5ce867586,464080459893904,hk
218285a9-5467-4031-8d53-fb1a6a0ebcf4,464080464859278,hk
08cac203-32f3-443f-b046-d14311b4db16,584080458328215,hk
394bdd7a-35cd-435d-9ca4-5c60ff8fb5f3,304080458475468,hk
f5922c09-e0b8-40d9-80b4-228b36194f0c,464080458285655,hk
64f674eb-ae8e-492e-9ed5-b85fe86298a1,464080459830384,hk
0f59ba74-cb41-45cf-9783-9e8767c16e31,384079826130135,hk
1cbe860f-a85c-431c-9146-219b51361130,304080464733648,hk
9735ecd0-ae1b-4078-b16f-2dd28d367e0a,304080458543674,hk
eceefd13-679a-4c24-af43-58b7b049eed8,384080499754369,hk
ea487b96-c182-45d8-b193-3b81fdaa636f,304080458409798,hk
0c9d821f-e222-46f3-8c45-ad4c70c082b3,304080251725282,hk
948909f7-dac9-4d23-80cd-a97d4e19ffb0,464079786289347,hk
f1212ddc-8fdc-4cda-a1e4-651947756651,584079836825554,hk
56f24677-2475-4868-992e-0ce5e3b3660d,384080487688609,hk
02d2ae44-08fb-4327-a46d-b08e8df4af00,464080485461403,hk
129fe5cb-91b2-49a1-9317-a0afcf0b5429,464080500997603,hk
e1e12a3d-943f-45d7-ba8f-8407134cf516,304080251843423,hk
9d3d0159-3803-4bb9-ad8c-380db84beea4,384080264182187,hk
9ad1c899-8f80-489d-b051-ca816b5f4767,584080229503001,hk
843bc3fe-1195-474f-8f45-d70aa0bdcba2,304080493146995,hk
269ff065-2aea-4067-a325-1c130d2dc923,584079790763476,hk
25e61c2d-d9e0-418e-806d-55e42a4df1e2,384080251770014,hk
d4732141-86c6-4558-ab3c-ace46ef9b683,304079780235530,hk
b4fb35a0-5f05-49d3-acff-d4014d1a5f2d,584080488085007,hk
9c7ef421-ab8a-4505-8327-a78552da0d2a,584080229716602,hk
03279646-34a1-4bb9-9f0c-96ad1147668b,304080251608356,hk
dc457fd3-5bb8-4bc9-8468-d8b6b34630a4,304080485393236,hk
02b008f1-cf3c-49f7-9cee-ea277b31b45f,584080232834859,hk
9579f9b2-563b-466e-b0bd-c876a87ac8c1,584080421553020,hk
fcd86801-c1d1-44b2-b8f6-798d2a750892,304080500904110,hk
1ddaf9d3-d7b4-4d8f-a2ce-843f7ea23434,304080229662673,hk
fb807b1b-5a14-4d4b-a56a-65a6238f20eb,584080232735750,hk
e8975897-fbf8-46ff-93fe-eefe1fe4b407,304080004962601,hk
cff4c8bf-127f-4d8b-a611-bffd9dafdfab,384080004890512,hk
7ca5cce9-5af3-4bbc-8035-873e46b10705,384080479323389,hk
9bbc4c8c-55a4-4c62-989a-c3c6571a4598,464080468011623,hk
db36abbc-3c01-471d-8e9f-fd44d202ea3e,384080230723854,hk
4e6512c4-3138-4ead-9acd-116f52ab7bd4,464080264127609,hk
6b7455cf-6a5d-4cd9-8791-615691d42bed,384080229610026,hk
29741739-4488-40af-a897-40c9da748be9,304080232787793,hk
ba72b7fa-a3bf-45c7-b50a-b060737b9098,304080481997286,hk
16f7c67f-74ea-481d-b807-e373a3d0ba69,464080493884598,hk
d571adbe-5897-4543-8bd7-bab75f9647f2,304080264237577,hk
a4413355-e9ba-4456-ae05-206a31accea2,384080229550754,hk
c3086182-9079-49bd-9569-8ebd1136be3f,584080469520227,hk
6a8f9a9e-8a64-4fac-8fd5-3286c5c8cff6,384080251663667,hk
0024d655-a5ad-48e3-836a-7668547cb267,584080229441978,hk
5fe523c9-9ae1-4be7-b77c-16d837574468,384080493752748,hk
c8071ae9-6ea8-4e14-ab8b-058eb0ddfb12,464080493830610,hk
08a0a122-600b-404b-8e0a-74e09907d59b,464080493228019,hk
8e460bfd-bcd0-4f38-b9da-3de926bcca28,304079827294314,hk
62221cea-4c29-4794-affa-0f0e7d50eb87,304080518521126,hk
d1269ee0-89f4-4a4d-9a68-ae0a5bbe89d1,304080041605078,hk
a813876d-dcb6-4fbf-89c2-43a0d593ce4c,584080523961497,hk
8a989499-2299-4379-8520-078fd38db5f0,464080489868976,hk
d8cbd16a-0f75-415c-abf0-6b7fd47051d9,464080494278256,hk
a4022d44-e3bb-4c58-9835-b2bc654666ec,304080236955073,hk
f70c4e12-1716-4527-bae7-a1aeef994a83,384080530031226,hk
45e331a0-87b4-429e-ac35-7a431b981aec,584080481263056,hk
bd68c5a7-fc9c-4a28-9098-4cefd29bcd56,464080512447772,hk
6e16537d-dc22-48ac-9a0d-c784fc50006f,464079792433293,hk
b9f7ad4f-14c4-4f6c-a7d8-783bb9ce576d,584080237069811,hk
10f35211-4656-4fc7-87ca-f00cad2c78d3,304080236896368,hk
bc599c43-7f53-49e5-b4c5-f8e692025d31,384080491522034,hk
6612f2a3-b855-4854-ac37-8c84e99e0cfb,384080236823743,hk
f0b74150-a102-4c82-8e7a-0356f9bbe0cd,304080427652510,hk
e0249ad3-bc50-4da3-8bdf-937d14740a42,584080512378337,hk
2154a656-9450-462e-9b11-f46fbce6a3bb,584080494196134,hk
df2da70c-14f3-470b-80f4-07b69a77e30d,304080237003633,hk
bf88289d-84b6-4b19-8c07-a53bf9d8b4e2,584080238907753,hk
061a8124-9f73-4bf8-9164-93b2098a768d,384079851779413,hk
b83c1521-2739-48d4-9358-143e768e503c,304079766684197,hk
f21dd64d-913e-4a99-9565-1bf913351582,584080240169187,hk
6ea40981-908d-4296-961d-d49d7ed72e6d,304080518671908,hk
883cf086-203b-4d5c-b3ea-5c784c692fba,384080524749837,hk
45e5a01d-7e80-4970-8049-4dc4c6dc2127,584080240095023,hk
3e60402d-e6bb-4d9b-976e-0bb41c4ef2a3,384080512716299,hk
e4da424a-873c-488a-99d9-f35e48a5aa36,584080537023855,hk
db7d84a5-8ad3-42e8-a606-f4069f2bbfce,464080506368819,hk
9ef8277a-1154-4af8-9730-468e94ba4ef2,464080536118287,hk
9a08a71a-4463-4841-ab58-34bcafb85050,584079816708856,hk
01c307ac-c1fd-4e29-9b98-f65eef2d82db,584080524616842,hk
885bb968-6ad7-421d-be1d-5d2e99d67061,384080065965173,hk
bc1c3682-64ad-4e67-8bc6-8513a6d76b28,304080536174533,hk
015635c4-5c0f-4c61-8e5d-794d93fb059b,384080497610352,hk
1b09ef24-513b-486a-8597-0e3cdf20567c,464079798569132,hk
aea7dbae-ae9e-4a5d-9355-d0f611db63d6,304080495966581,hk
22ac311e-799c-4e9d-9113-048ff78e59f5,384080508875609,hk
a993b429-11d4-4597-9771-f3a53a067c04,464079772832261,hk
b53bde9f-84c4-4e17-ab86-ca0cbc9264a5,384080433744138,hk
b1718786-5273-4fbd-a6c7-1e9224101a32,304079798634770,hk
8bd8d6bd-4404-481f-9aff-c330fa7b4270,384080247573265,hk
93954fb8-2936-4c60-8d17-271642b43bef,304079772767159,hk
ae1a8253-49a9-4a42-a106-d3bf41380eea,384080549204969,hk
60e1467a-7460-4f11-a087-31c9b22721ec,584080439905833,hk
ad457566-d30d-4e23-b37f-974a114e788b,584080554693442,hk
2d2cf8de-a9b5-4cd1-9b4a-02d15aa0a22e,304080505485606,hk
907a21b6-ea0d-4ebe-b570-458629fdb941,304080195796785,hk
20dc430e-2740-4e08-9e29-b3849a3992c2,384080253655985,hk
06b652d7-694b-4ce2-a3a8-3868fcbce41c,304080544782286,hk
c8dd36bb-4818-4e4e-a366-dca7eac5dcfc,384079787621010,hk
df2af253-a8ea-446a-bbad-5165df723751,584080012228729,hk
48adfacd-edf8-4ef8-8c71-a224eaba501b,464080519911642,hk
f29ad1b5-34b3-41c4-84dc-47a0a3bc844a,304080524427793,hk
9740bc4c-0a33-4ecb-8eec-e4fb17350170,464080567407812,hk
7e24b0f6-c024-48c2-8683-ac42a926b824,584080525983472,hk
e1e74211-333c-4cbf-b121-8fa3216401bc,384079844435330,hk
eb940acd-cb32-447f-b7f2-dceca164c642,304080090408886,hk
75611b8c-d90b-4375-bb58-bee9c48991d2,584080516070267,hk
979ecb76-6962-4854-b1f2-ecfe5c9013b8,584080570975712,hk
f9fbbb6f-c86a-4707-8cc0-593eb5b03801,304080561332881,hk
71f1c0e0-4997-4427-a713-e82d0aa69d81,384079804741409,hk
b7c91646-67ee-4173-bfd8-dfdc47bdd57b,584079804694712,hk
5487a361-5dd0-4364-bed6-d381d0289080,584080539267954,hk
aaeac9fc-25ff-43bf-9a4c-b444b3473f07,384080439847348,hk
c296c387-12e4-4283-a662-1a797969fe36,464080551215969,hk
ee107352-ee51-45f6-b2e9-5990cdf3ba8b,584080522179573,hk
57224425-6608-49c4-8c8c-df44179ffde3,464080543123460,hk
6d6820a5-3d51-4098-917a-f91449937030,304080573500015,hk
ff5c00b3-c0ea-46c7-9f88-20a2e11eaf64,464080545741714,hk
402a6a25-1257-478c-90d5-b70128b01921,384080201954727,hk
86e157a3-7362-4a00-baa2-81bc98ef8584,304080445981545,hk
bf3811ec-fec9-4f8b-a3fa-04e188265f05,304080039939610,hk
dbf016e6-f988-47ce-a35a-abda7cf046eb,304080010859961,hk
19ae8f4d-f0e1-42da-8e37-806aabb7064b,464079816884655,hk
e3eb7c63-c523-4979-bd7b-cb45f1042294,384080551823219,hk
70185eb0-f073-4b83-8319-358658e8f8cd,464079806006925,hk
9bce9b31-98f7-4532-82b2-a677850150a6,384080539478876,hk
da462265-7d64-4527-92f4-922acbac0eab,584080561353275,hk
60aca04a-5889-4734-aae0-4c46b7e57c70,584080534328851,hk
a70b3c1e-f592-45ea-9c88-a38f6a8cf0ef,584080574305408,hk
c6ffe6c5-fced-4c39-acd1-c6ec6b64c588,304080202056021,hk
2eeaa86c-ad9e-42c7-9926-5a383aa49490,384079829025683,hk
2f450e02-34d6-4f5f-ae58-153cfb38f5e8,304080202007535,hk
504b3569-c26b-412a-ab2f-c6049973d198,464080559917355,hk
c49ebe75-e58c-4556-a7b1-d8f00ffa9f1c,384080528253728,hk
28937934-5228-49b6-b8c6-81422176d373,464080555275715,hk
d1eafe26-fc68-4060-aa73-444cb443d339,464080545540966,hk
da505d43-ea91-4e6d-be47-cab327312acc,304079806062707,hk
cc27978a-1c20-4c6f-a433-6f60cfe5957e,384080201871162,hk
5392f922-5a08-4a33-aec3-9216bcdfa732,384079793725549,hk
ff49d793-229a-48ee-9e97-4880f9d36da6,304079799806996,hk
7ffc19b4-457e-4462-a5c0-877930424ff8,464080551600202,hk
35db90c7-5213-40e6-bcae-8465e64c51f9,464080121613877,hk
141435fa-c166-478a-a689-e45429cf5b69,384080557925087,hk
b5b7e868-229f-4484-8530-5c0f239a13f0,464080545801418,hk
dc8eb1d7-76e5-4d93-a1ac-2362e26dff8b,304080208012784,hk
7bd21183-fd63-4733-a1ef-f951ae4f644f,584080208072655,hk
623ecbc9-e7e3-44f2-833c-3b7b5233ea57,304080552269121,hk
f4b69ebb-5d01-40d7-b30e-6bf02fee273a,464079841152749,hk
5a01886b-2c72-43f0-b2ca-fff443b671b7,384080079330345,hk
c3ac3025-ad27-4be0-af71-5669b9fb8b8e,304079835091381,hk
91be1a11-987b-4704-99dc-c55a5a0f55de,464080452074383,hk
9471007e-bf0a-4f1e-9ffd-01ca880d80b8,464080050503605,hk
a84e06a3-9409-4b36-9235-a683f81e24e4,464080563980018,hk
984bbb64-408e-4669-8b31-03ee1d00ff9b,584080207958206,hk
df0cb064-7bc7-45af-b285-425f63bbd379,384080574821977,hk
50fc4510-93cb-443c-92ff-3273148bd1ed,584080166068305,hk
e9ca0c16-22f7-46cf-a60c-d7edfea5ca5d,384080208133078,hk
15350af0-4162-45f6-b68e-bb3767e74f08,584080207883936,hk
79126a9a-6103-4750-b4cb-db236c87724d,584080223301027,hk
3d0c55c4-3ce1-4679-a825-2dd74b78fd5a,304080464258253,hk
6482fc9f-0e7c-45be-970e-013ba3e551d2,584080012338842,hk
d40d181f-225a-4cc1-ad7b-44674c7b2fce,384079834857493,hk
28e89900-7164-480d-a0be-9786a98dfa95,384080396053239,hk
a4740cfe-e257-4996-b7f8-4795fac3e110,304080131756914,hk
2f06df03-f53a-4256-9b7f-6d18a7c5b47b,464080108867803,hk
6603642c-ad51-4054-b163-2f78e581507e,464080570975591,hk
e83af7fa-fd41-4056-8fc4-c6da1e75922c,584080022949301,hk
07633735-33d6-4959-bd19-eba342abc698,584080273994042,hk
f69bd977-5579-41e2-9494-c299fdde5788,464080007452566,hk
7044ce0a-39ce-4edb-b259-fcea94f338f9,384080256718852,hk
20627817-ecf2-4bb1-923d-6f9d980f30ad,384080250550069,hk
08080948-5bc5-44e6-8019-8a9a6740038f,384080013538222,hk
b52af7e1-b69b-4bb0-90ae-4ced2a07151f,384080486186414,hk
3d6ef4d6-c057-4497-bf20-7e44f78324a8,464080473345978,hk
8ffed23c-84cc-423e-9a8d-698ee48c3fd4,464080476456950,hk
4c5e517d-5749-4a66-973c-4db0b0f3c402,464080357969571,hk
83fe31ff-136b-4b7d-955a-449c0796006e,584080199014928,hk
aa0a723f-3994-48d0-8681-85a974faf520,304080001264117,hk
64997f20-d0d8-4cfd-afe3-9a700cc807e4,464080175883615,hk
852251b5-261c-49f4-a3bd-1f8c3c4055a7,464080558823059,hk
a345809e-8a1f-4045-8348-6028b9a1f871,384080228626752,hk
382bb35a-56ed-47d2-aa80-45a5d8c1873a,584080211162800,hk
042a52f7-396d-4df7-824a-ae25dc0e6232,464080003422928,hk
e159a1c0-311f-4011-a34b-664889764c4b,384079828768182,hk
f3ca3786-8e8b-433c-86a5-e87d7413e5fd,464080458165905,hk
31c3dbaa-0a16-4f5d-a36d-8e4440791496,584080106568784,hk
87f1701a-5de2-4936-9bf4-a18152770aff,464080564904756,hk
1cef352a-842b-4c47-8890-0488e87262f8,584080570087967,hk
d9f433a9-038b-432c-873c-1ff3c089044b,304079859858270,hk
e063637e-652d-48ac-b938-d8f9d422ca21,384079822690962,hk
70e428ea-fec2-4915-b547-00226ddd27c0,584080211237709,hk
91dce789-12ac-4871-a210-305749aa9e0b,464080079894678,hk
80319ca8-910a-4b35-8e11-badfedfbeb18,304079849530937,hk
e5eeee88-f911-46c3-810c-db69da0be209,304080065030309,hk
198f2512-ad75-42c0-a41a-a4fe22500979,584080244444806,hk
2e705f95-3a74-4efa-b470-7d41ad46ad94,384080091309345,hk
aa064184-674e-4520-85b8-248f1640b134,304080162458646,hk
8decfaa2-387c-4b3e-b3f7-fd6ef6d5963b,304080457263347,hk
d904d8ce-3a28-41fe-b2eb-227b6bdda88f,584080470342400,hk
47b04eb3-ca1c-4c6d-bb27-5e80ced80344,384079859174375,hk
d9a4bf4d-675c-4765-8915-ed1d814eeb74,304079847019530,hk
4afbadf8-fbd1-4386-98cb-c1775d3b5f26,584079853091225,hk
82b3e269-4eea-48c5-a37d-742600b46a7b,304080232294747,hk
89dad82f-41fb-46f3-8fd3-baf900f1632b,384080238378319,hk
f935b809-c3ed-43cb-82b9-164774319100,464080126431311,hk
d4cdb0f4-f370-47c1-9c1f-a1774108eaf7,304080043089673,hk
5cffe4d1-b11f-4a27-a27c-b7092b70a042,464080435338910,hk
5be97d2c-5c06-4479-ab3b-e65ff3897159,304080139305298,hk
76f68913-d4c2-460a-90db-c64e5faac718,304079856728427,hk
bafe50c2-13a9-423e-bf2a-323901551b03,384080251826941,hk
c55f8210-ad35-41cd-8c7c-c70557edc6ab,584079856672871,hk
d437a263-3735-4351-a252-aae35778a9be,304079856589655,hk
8c405407-1254-4d31-a57c-008a6d69dc58,384080251757353,hk
3099ea64-5089-471b-88c6-c64e2a77ef07,584079816811786,hk
732f5230-1e68-434a-a0ec-ea958e010c6a,464079778534534,hk
4441e396-2718-4c77-92fa-62fae8d970e6,584080023560292,hk
e80b15ce-e7d6-4087-bcc6-ce172f0872ee,464080022108467,hk
4e8c1d43-b969-487e-868d-9212460ec860,584079850519690,hk
31ea4389-0f0f-4825-a130-f5ca57c4048c,584079850449344,hk
6927ebcb-82f5-4ead-a48a-81a0f0e7a868,584080245668647,hk
6a90ed9d-155b-42b2-9d90-df7c409c0275,584080022169901,hk
6f1df2f0-a365-4b56-9fc6-439cb01a173d,304079809794524,hk
b1e8b511-8fe3-42ce-beae-dac7df86b48f,304079809878143,hk
8b9f5dd0-bc46-4f2b-bb09-f1991b44070d,464080023493205,hk
dde8e093-71a6-4c2c-842e-a80cc93be240,304079761757657,hk
30c094b2-ca0b-48da-90a4-125356657adc,464080270336563,hk
7a71eb41-b1d4-4467-81fb-8ecf39a4652e,584079796867175,hk
cbdeb332-9405-4131-9434-f6929bf231d3,584080257961392,hk
9acec0fe-cab8-4c1b-80d4-819085c232d8,584080258084690,hk
091f1661-b785-4e42-a248-f5efb0b8c417,304080257908583,hk
006429c8-a1b3-4b3a-9800-bdab57b46940,384079761814714,hk
41497650-aaf1-472d-8b65-e1b39effed1f,304080011039260,hk
09f081e5-1ba0-4c1e-9b1b-7f18b47097c7,384080258034926,hk
82bae05d-264c-4cdc-803f-2302b71616d3,304080258127441,hk
b2f03225-a715-4304-8da6-c9a8472a200e,384079761703268,hk
aaba876b-c999-4e22-9acd-02cb81288418,584080248317160,hk
873eb359-2147-41d8-8570-b2317665f8c5,384080257914912,hk
e4884e3b-ae97-41df-9939-ffec4035199f,384080248430466,hk
6d5f2ed1-0b89-48ec-9080-a15c084bf7a9,584080248491792,hk
4e633030-8249-4289-88e1-b8f59f333032,384079862808549,hk
220f6169-0cf0-4455-9611-20ba93ed3c25,304080248381377,hk
b6353439-0c48-44b5-ae54-c0125a4c5d2f,304080258042038,hk
aae202a1-b0f1-4336-a70b-42c7abaf3773,464079830756351,hk
8a3931bc-b1ce-4b25-a057-b24f89942437,384080257987368,hk
c1778881-4951-4b35-bbaf-39d35ccefa8a,384080248548773,hk
432b1d09-8a76-4219-8c22-26aa4c0e506c,304080078189791,hk
dca60553-fc7e-4c0a-b9be-e9d7a89b22b0,304080000024192,hk
6d6f7b0a-bd69-409c-9ef7-17f95cfa59f4,584079832216276,hk
f27652d8-930c-4bdb-bd2c-2fa7a7b98f65,584080545898456,hk
52c2d12f-6317-4081-92e1-d555f633c29d,304080017402140,hk
72edc18b-78f8-4720-9e36-3fe59f89b34e,584079803716273,hk
ad4365e9-f781-4738-878c-16340a8630f8,584079828691625,hk
199902e9-98f1-431f-b88d-8ac64b734b03,584080239564034,hk
aadded56-bf8d-423a-a756-b51f28abe17c,304079828622601,hk
93112b0a-709c-42b9-87e4-19b2a4a4283e,304079766361045,hk
71f9c6b2-b101-41d1-ae02-254600e9da6e,384079828737238,hk
1743ac70-166e-4456-8d9a-ce5566d83e94,304079844359191,hk
58c1084f-df73-47b5-908c-ec8586378410,384080016002513,hk
445b4742-ef44-43e9-8eb5-b7a64c7443e6,464079857867977,hk
b62d1df6-4c36-4df0-8f97-a0783d878aac,584080072078863,hk
596dff4f-5a81-4380-a841-9c7114f56720,304079857941400,hk
f19f54c0-60e8-4e35-9425-c1664a5fd07f,464103230037865,hk
5128e092-588f-4e51-93e1-e56538384aa0,584069807465783,hk
6b438c95-a084-47e6-8387-d4c564776dbb,584069813576182,hk
addc1c90-e8cb-45ba-bb83-6dc70fae537f,584069801171920,hk
9108a8f0-3165-4e5a-80e7-0354b88652ef,584069819576284,hk
52104cdc-8dcb-48cf-8435-abe4b175a734,584069813683054,hk
6e0a24c9-8a52-4fc2-9fc1-2d8a985e47dd,584069807296934,hk
fb09d978-e678-48c8-ad2d-4ecefc099ced,584069807390037,hk
af46fe46-d411-4925-a37f-d3673b0e57ab,584069819670112,hk
4734fdf4-50d0-4dd9-8406-60f4d2bd51b8,304071805318880,hk
c75fce71-056a-4366-b20c-a404dfd88d0d,304071811179929,hk
80037029-7c75-4455-9b18-60c343009c3f,304071804868317,hk
20f9ceb4-ba9d-47b2-81e4-06e5b2b14e39,304071710026453,hk
ea3c5f94-bae1-463e-91f0-f296df446791,304071710205121,hk
cd1a7a67-00aa-4f3f-bd21-52f8204545f7,304071835169866,hk
a93253bb-3588-4e76-8f43-64d79dd4d2e5,304071817086109,hk
8208695f-2821-4cf8-9d0f-638a053e8312,304072093266751,hk
4e9f53c5-388d-42eb-a957-7d4e431c7c05,304072075303516,hk
c7edc5b2-cdb8-405e-9e5d-cc26ab845bde,304072087259171,hk
